id,release_date,names,likes,dislikes,views,duration,age_days,males,females,Вова_Бухаров,Тимур_Джанкезов,Иван_Явиц,Юля_Жеребцова,Андрей_Цеховский,Нидаль_Абу-Газале,Костя_Широков,Ньургун_Атаков,Дима_Гаврилов,Гурам_Демидов,Фил_Воронин,Коля_Андреев,Толя_Бороздин,Давид_Квахаджелидзе,Саша_Киселев,Егор_Александров,Игорь_Тарлецкий,Ольга_Малащенко,Кирилл_Ферапонтов,Самвел_Гиновян,Хетаг_Хугаев,Расул_Чабдаров,Сержан_Аманов,Тимур_Хамадуллин,Эдуард_Чернышенко,Ариана_Лолаева,Михаил_Босов,Эд_Овсепян,Вадим_Постильный,Артем_Калантарян,Ирина_Приходько,Алексей_Соловьев,Артем_Андреев,Ваня_Усович,Семен_Деяк,Николай_Андреев,Эдик_Чернышенко,Олег_Боярский,Саша_Ни,Салават_Дюсенгалиев,Чермен_Качмазов,Вася_Медведев,Данила_Поперечный,Марат_Секаев,Артем_Емельянов,Александр_Киселев,Александр_Долгополов,Артур_Чапарян,Иван_Ильин,Коля_Болт,Сева_Ловкачев,Денис_Антипин,Никита_Дубровский,Руслан_Халитов,Миша_Кострецов,Эльдар_Гусейнов,Алексей_Квашонкин,Денис_Чужой,Дима_Коваль,Леша_Шамутило,Алексей_Шамутило,Андрей_Шарапов,Даниил_Слободенюк,Ара_Акопян,Наташа_Судьина,Илья_Овечкин,Яся_Тринадцатко,Богдан_Лисевский,Илья_Бурков,Лиза_Аранова,Андрей_Айрапетов,Костя_Пушкин,Туяна_Хоровиц,Павел_Сбродов,Баграт_Казарян,Гарик_Оганисян,Соня_Медовщикова,Аля_Кокушкина,Ваня_Ильин,Дима_Колыбелкин,Саша_Малой,Дмитрий_Романов,Василий_Медведев,Ника_Тарасевич,Данил_Гугунава,Лука_Хиникадзе,Филипп_Воронин,Егор_Свирский,Лев_Еременко,Идрак_Мирзализаде,Гоша_Сморгуленко,Владимир_Бухаров,Павел_Кривец,Маргарита_Якобсон,Денис_Смирнов,Марк_Сергиенко,Вера_Котельникова,Сергей_Орлов,Женя_Сидоров,Сергей_Зорик,Дмитрий_Колыбелкин,Кирилл_Селегей,Лев_Марсел,Костя_Захарин,Ярослава_Тринадцатко
2.0,2019-03-14,"['Вова_Бухаров', 'Вася_Медведев', 'Кирилл_Селегей', 'Женя_Сидоров', 'Сергей_Орлов']",29063,968,1151065,32.0,1323,5,0,1,0,0,0,0,0,0,0,0,0,0,0,0,0,0,0,0,0,0,0,0,0,0,0,0,0,0,0,0,0,0,0,0,0,0,0,0,0,0,0,0,1,0,0,0,0,0,0,0,0,0,0,0,0,0,0,0,0,0,0,0,0,0,0,0,0,0,0,0,0,0,0,0,0,0,0,0,0,0,0,0,0,0,0,0,0,0,0,0,0,0,0,0,0,0,0,0,1,1,0,0,1,0,0,0
3.0,2019-03-31,"['Алексей_Шамутило', 'Вова_Бухаров', 'Вася_Медведев', 'Саша_Малой', 'Костя_Пушкин']",27756,714,1193727,34.0,1306,5,0,1,0,0,0,0,0,0,0,0,0,0,0,0,0,0,0,0,0,0,0,0,0,0,0,0,0,0,0,0,0,0,0,0,0,0,0,0,0,0,0,0,1,0,0,0,0,0,0,0,0,0,0,0,0,0,0,0,0,0,0,1,0,0,0,0,0,0,0,0,0,0,1,0,0,0,0,0,0,0,0,1,0,0,0,0,0,0,0,0,0,0,0,0,0,0,0,0,0,0,0,0,0,0,0,0
4.0,2019-05-17,"['Сергей_Орлов', 'Вова_Бухаров', 'Коля_Андреев', 'Дима_Гаврилов', 'Кирилл_Селегей']",25704,809,1073530,25.0,1259,5,0,1,0,0,0,0,0,0,0,1,0,0,1,0,0,0,0,0,0,0,0,0,0,0,0,0,0,0,0,0,0,0,0,0,0,0,0,0,0,0,0,0,0,0,0,0,0,0,0,0,0,0,0,0,0,0,0,0,0,0,0,0,0,0,0,0,0,0,0,0,0,0,0,0,0,0,0,0,0,0,0,0,0,0,0,0,0,0,0,0,0,0,0,0,0,0,0,0,1,0,0,0,1,0,0,0
5.0,2019-06-11,"['Костя_Пушкин', 'Вова_Бухаров', 'Самвел_Гиновян', 'Вася_Медведев', 'Кирилл_Селегей']",26386,641,961325,26.0,1234,5,0,1,0,0,0,0,0,0,0,0,0,0,0,0,0,0,0,0,0,0,1,0,0,0,0,0,0,0,0,0,0,0,0,0,0,0,0,0,0,0,0,0,1,0,0,0,0,0,0,0,0,0,0,0,0,0,0,0,0,0,0,0,0,0,0,0,0,0,0,0,0,0,1,0,0,0,0,0,0,0,0,0,0,0,0,0,0,0,0,0,0,0,0,0,0,0,0,0,0,0,0,0,1,0,0,0
6.0,2019-07-04,"['Артур_Чапарян', 'Коля_Андреев', 'Саша_Малой', 'Эльдар_Гусейнов', 'Вова_Бухаров']",47177,1284,2151398,36.0,1211,5,0,1,0,0,0,0,0,0,0,0,0,0,1,0,0,0,0,0,0,0,0,0,0,0,0,0,0,0,0,0,0,0,0,0,0,0,0,0,0,0,0,0,0,0,0,0,0,0,1,0,0,0,0,0,0,0,1,0,0,0,0,0,0,0,0,0,0,0,0,0,0,0,0,0,0,0,0,0,0,0,0,1,0,0,0,0,0,0,0,0,0,0,0,0,0,0,0,0,0,0,0,0,0,0,0,0
7.0,2019-07-29,"['Андрей_Шарапов', 'Вася_Медведев', 'Дмитрий_Романов', 'Сергей_Орлов', 'Вова_Бухаров']",28893,774,1146184,42.0,1186,5,0,1,0,0,0,0,0,0,0,0,0,0,0,0,0,0,0,0,0,0,0,0,0,0,0,0,0,0,0,0,0,0,0,0,0,0,0,0,0,0,0,0,1,0,0,0,0,0,0,0,0,0,0,0,0,0,0,0,0,0,0,0,1,0,0,0,0,0,0,0,0,0,0,0,0,0,0,0,0,0,0,0,1,0,0,0,0,0,0,0,0,0,0,0,0,0,0,0,1,0,0,0,0,0,0,0
8.0,2019-08-03,"['Ваня_Усович', 'Вася_Медведев', 'Саша_Малой', 'Коля_Андреев', 'Эльдар_Гусейнов']",51156,1703,1917989,46.0,1181,5,0,0,0,0,0,0,0,0,0,0,0,0,1,0,0,0,0,0,0,0,0,0,0,0,0,0,0,0,0,0,0,0,0,0,1,0,0,0,0,0,0,0,1,0,0,0,0,0,0,0,0,0,0,0,0,0,1,0,0,0,0,0,0,0,0,0,0,0,0,0,0,0,0,0,0,0,0,0,0,0,0,1,0,0,0,0,0,0,0,0,0,0,0,0,0,0,0,0,0,0,0,0,0,0,0,0
9.0,2019-09-15,"['Дима_Гаврилов', 'Саша_Малой', 'Дима_Коваль', 'Вова_Бухаров', 'Эльдар_Гусейнов']",33725,1386,1338548,47.0,1138,5,0,1,0,0,0,0,0,0,0,1,0,0,0,0,0,0,0,0,0,0,0,0,0,0,0,0,0,0,0,0,0,0,0,0,0,0,0,0,0,0,0,0,0,0,0,0,0,0,0,0,0,0,0,0,0,0,1,0,0,1,0,0,0,0,0,0,0,0,0,0,0,0,0,0,0,0,0,0,0,0,0,1,0,0,0,0,0,0,0,0,0,0,0,0,0,0,0,0,0,0,0,0,0,0,0,0
10.0,2019-10-05,"['Сергей_Орлов', 'Идрак_Мирзализаде', 'Эльдар_Гусейнов', 'Женя_Сидоров', 'Филипп_Воронин']",51891,1985,2961458,64.0,1118,5,0,0,0,0,0,0,0,0,0,0,0,0,0,0,0,0,0,0,0,0,0,0,0,0,0,0,0,0,0,0,0,0,0,0,0,0,0,0,0,0,0,0,0,0,0,0,0,0,0,0,0,0,0,0,0,0,1,0,0,0,0,0,0,0,0,0,0,0,0,0,0,0,0,0,0,0,0,0,0,0,0,0,0,0,0,0,0,1,0,0,1,0,0,0,0,0,0,0,1,1,0,0,0,0,0,0
11.0,2019-11-13,"['Артем_Андреев', 'Марат_Секаев', 'Эльдар_Гусейнов', 'Гарик_Оганисян', 'Кирилл_Селегей']",26502,1135,1136350,45.0,1079,5,0,0,0,0,0,0,0,0,0,0,0,0,0,0,0,0,0,0,0,0,0,0,0,0,0,0,0,0,0,0,0,0,0,1,0,0,0,0,0,0,0,0,0,0,1,0,0,0,0,0,0,0,0,0,0,0,1,0,0,0,0,0,0,0,0,0,0,0,0,0,0,0,0,0,0,0,1,0,0,0,0,0,0,0,0,0,0,0,0,0,0,0,0,0,0,0,0,0,0,0,0,0,1,0,0,0
12.0,2019-12-20,"['Александр_Долгополов', 'Коля_Андреев', 'Эльдар_Гусейнов', 'Василий_Медведев', 'Денис_Антипин']",36206,1314,1584538,54.0,1042,5,0,0,0,0,0,0,0,0,0,0,0,0,1,0,0,0,0,0,0,0,0,0,0,0,0,0,0,0,0,0,0,0,0,0,0,0,0,0,0,0,0,0,0,0,0,0,0,1,0,0,0,0,1,0,0,0,1,0,0,0,0,0,0,0,0,0,0,0,0,0,0,0,0,0,0,0,0,0,0,0,0,0,0,1,0,0,0,0,0,0,0,0,0,0,0,0,0,0,0,0,0,0,0,0,0,0
13.0,2020-01-24,"['Алексей_Квашонкин', 'Дима_Коваль', 'Эльдар_Гусейнов', 'Чермен_Качмазов', 'Илья_Овечкин']",29497,875,1033426,26.0,1007,5,0,0,0,0,0,0,0,0,0,0,0,0,0,0,0,0,0,0,0,0,0,0,0,0,0,0,0,0,0,0,0,0,0,0,0,0,0,0,0,0,0,1,0,0,0,0,0,0,0,0,0,0,0,0,0,0,1,1,0,1,0,0,0,0,0,0,1,0,0,0,0,0,0,0,0,0,0,0,0,0,0,0,0,0,0,0,0,0,0,0,0,0,0,0,0,0,0,0,0,0,0,0,0,0,0,0
14.0,2020-03-20,"['Идрак_Мирзализаде', 'Руслан_Халитов', 'Александр_Киселев', 'Кирилл_Селегей', 'Никита_Дубровский']",23387,830,845422,30.0,951,5,0,0,0,0,0,0,0,0,0,0,0,0,0,0,0,0,0,0,0,0,0,0,0,0,0,0,0,0,0,0,0,0,0,0,0,0,0,0,0,0,0,0,0,0,0,0,1,0,0,0,0,0,0,1,1,0,0,0,0,0,0,0,0,0,0,0,0,0,0,0,0,0,0,0,0,0,0,0,0,0,0,0,0,0,0,0,0,0,0,0,1,0,0,0,0,0,0,0,0,0,0,0,1,0,0,0
15.0,2020-05-03,"['Тимур_Джанкезов', 'Ярослава_Тринадцатко', 'Василий_Медведев', 'Эльдар_Гусейнов', 'Женя_Сидоров']",30918,1463,1265607,52.0,907,4,1,0,1,0,0,0,0,0,0,0,0,0,0,0,0,0,0,0,0,0,0,0,0,0,0,0,0,0,0,0,0,0,0,0,0,0,0,0,0,0,0,0,0,0,0,0,0,0,0,0,0,0,0,0,0,0,1,0,0,0,0,0,0,0,0,0,0,0,0,0,0,0,0,0,0,0,0,0,0,0,0,0,0,1,0,0,0,0,0,0,0,0,0,0,0,0,0,0,0,1,0,0,0,0,0,1
16.0,2020-06-20,"['Вера_Котельникова', 'Гарик_Оганисян', 'Костя_Пушкин', 'Вова_Бухаров', 'Василий_Медведев']",33264,777,864524,40.0,859,4,1,1,0,0,0,0,0,0,0,0,0,0,0,0,0,0,0,0,0,0,0,0,0,0,0,0,0,0,0,0,0,0,0,0,0,0,0,0,0,0,0,0,0,0,0,0,0,0,0,0,0,0,0,0,0,0,0,0,0,0,0,0,0,0,0,0,0,0,0,0,0,0,1,0,0,0,1,0,0,0,0,0,0,1,0,0,0,0,0,0,0,0,0,0,0,0,0,1,0,0,0,0,0,0,0,0
17.0,2020-08-14,"['Идрак_Мирзализаде', 'Эльдар_Гусейнов', 'Саша_Малой', 'Павел_Кривец', 'Владимир_Бухаров']",38003,1622,1770806,65.0,804,5,0,0,0,0,0,0,0,0,0,0,0,0,0,0,0,0,0,0,0,0,0,0,0,0,0,0,0,0,0,0,0,0,0,0,0,0,0,0,0,0,0,0,0,0,0,0,0,0,0,0,0,0,0,0,0,0,1,0,0,0,0,0,0,0,0,0,0,0,0,0,0,0,0,0,0,0,0,0,0,0,0,1,0,0,0,0,0,0,0,0,1,0,1,1,0,0,0,0,0,0,0,0,0,0,0,0
18.0,2020-08-28,"['Александр_Киселев', 'Дима_Гаврилов', 'Давид_Квахаджелидзе', 'Коля_Андреев', 'Эльдар_Гусейнов']",26471,929,1078127,58.0,790,5,0,0,0,0,0,0,0,0,0,1,0,0,1,0,1,0,0,0,0,0,0,0,0,0,0,0,0,0,0,0,0,0,0,0,0,0,0,0,0,0,0,0,0,0,0,0,1,0,0,0,0,0,0,0,0,0,1,0,0,0,0,0,0,0,0,0,0,0,0,0,0,0,0,0,0,0,0,0,0,0,0,0,0,0,0,0,0,0,0,0,0,0,0,0,0,0,0,0,0,0,0,0,0,0,0,0
20.0,2020-09-25,"['Сева_Ловкачев', 'Нидаль_Абу-Газале', 'Гарик_Оганисян', 'Кирилл_Селегей', 'Эльдар_Гусейнов']",30814,683,1004841,54.0,762,5,0,0,0,0,0,0,1,0,0,0,0,0,0,0,0,0,0,0,0,0,0,0,0,0,0,0,0,0,0,0,0,0,0,0,0,0,0,0,0,0,0,0,0,0,0,0,0,0,0,0,0,1,0,0,0,0,1,0,0,0,0,0,0,0,0,0,0,0,0,0,0,0,0,0,0,0,1,0,0,0,0,0,0,0,0,0,0,0,0,0,0,0,0,0,0,0,0,0,0,0,0,0,1,0,0,0
21.0,2020-10-09,"['Андрей_Шарапов', 'Денис_Антипин', 'Женя_Сидоров', 'Сергей_Орлов', 'Эльдар_Гусейнов']",39688,1060,1689825,51.0,748,5,0,0,0,0,0,0,0,0,0,0,0,0,0,0,0,0,0,0,0,0,0,0,0,0,0,0,0,0,0,0,0,0,0,0,0,0,0,0,0,0,0,0,0,0,0,0,0,0,0,0,0,0,1,0,0,0,1,0,0,0,0,0,1,0,0,0,0,0,0,0,0,0,0,0,0,0,0,0,0,0,0,0,0,0,0,0,0,0,0,0,0,0,0,0,0,0,0,0,1,1,0,0,0,0,0,0
22.0,2020-10-25,"['Василий_Медведев', 'Артем_Калантарян', 'Сержан_Аманов', 'Артем_Андреев', 'Дима_Коваль']",27809,1567,840704,34.0,732,5,0,0,0,0,0,0,0,0,0,0,0,0,0,0,0,0,0,0,0,0,0,0,0,1,0,0,0,0,0,0,1,0,0,1,0,0,0,0,0,0,0,0,0,0,0,0,0,0,0,0,0,0,0,0,0,0,0,0,0,1,0,0,0,0,0,0,0,0,0,0,0,0,0,0,0,0,0,0,0,0,0,0,0,1,0,0,0,0,0,0,0,0,0,0,0,0,0,0,0,0,0,0,0,0,0,0
23.0,2020-11-08,"['Владимир_Бухаров', 'Коля_Андреев', 'Денис_Антипин', 'Андрей_Цеховский', 'Дима_Гаврилов']",22734,725,696087,30.0,718,5,0,0,0,0,0,1,0,0,0,1,0,0,1,0,0,0,0,0,0,0,0,0,0,0,0,0,0,0,0,0,0,0,0,0,0,0,0,0,0,0,0,0,0,0,0,0,0,0,0,0,0,0,1,0,0,0,0,0,0,0,0,0,0,0,0,0,0,0,0,0,0,0,0,0,0,0,0,0,0,0,0,0,0,0,0,0,0,0,0,0,0,0,1,0,0,0,0,0,0,0,0,0,0,0,0,0
24.0,2020-11-22,"['Сергей_Орлов', 'Марат_Секаев', 'Владимир_Бухаров', 'Эльдар_Гусейнов', 'Данил_Гугунава']",37886,841,1469324,38.0,704,5,0,0,0,0,0,0,0,0,0,0,0,0,0,0,0,0,0,0,0,0,0,0,0,0,0,0,0,0,0,0,0,0,0,0,0,0,0,0,0,0,0,0,0,0,1,0,0,0,0,0,0,0,0,0,0,0,1,0,0,0,0,0,0,0,0,0,0,0,0,0,0,0,0,0,0,0,0,0,0,0,0,0,0,0,0,1,0,0,0,0,0,0,1,0,0,0,0,0,1,0,0,0,0,0,0,0
25.0,2020-12-07,"['Иван_Ильин', 'Артем_Калантарян', 'Алексей_Шамутило', 'Эльдар_Гусейнов', 'Саша_Малой']",59737,1766,2007366,53.0,689,5,0,0,0,0,0,0,0,0,0,0,0,0,0,0,0,0,0,0,0,0,0,0,0,0,0,0,0,0,0,0,1,0,0,0,0,0,0,0,0,0,0,0,0,0,0,0,0,0,0,1,0,0,0,0,0,0,1,0,0,0,0,1,0,0,0,0,0,0,0,0,0,0,0,0,0,0,0,0,0,0,0,1,0,0,0,0,0,0,0,0,0,0,0,0,0,0,0,0,0,0,0,0,0,0,0,0
26.0,2020-12-20,"['Илья_Овечкин', 'Николай_Андреев', 'Эльдар_Гусейнов', 'Кирилл_Селегей', 'Саша_Малой']",50414,1139,1547320,40.0,676,5,0,0,0,0,0,0,0,0,0,0,0,0,0,0,0,0,0,0,0,0,0,0,0,0,0,0,0,0,0,0,0,0,0,0,0,0,1,0,0,0,0,0,0,0,0,0,0,0,0,0,0,0,0,0,0,0,1,0,0,0,0,0,0,0,0,0,1,0,0,0,0,0,0,0,0,0,0,0,0,0,0,1,0,0,0,0,0,0,0,0,0,0,0,0,0,0,0,0,0,0,0,0,1,0,0,0
27.0,2021-01-06,"['Николай_Андреев', 'Костя_Пушкин', 'Сергей_Орлов', 'Эльдар_Гусейнов', 'Лев_Еременко']",46108,834,1374680,39.0,659,5,0,0,0,0,0,0,0,0,0,0,0,0,0,0,0,0,0,0,0,0,0,0,0,0,0,0,0,0,0,0,0,0,0,0,0,0,1,0,0,0,0,0,0,0,0,0,0,0,0,0,0,0,0,0,0,0,1,0,0,0,0,0,0,0,0,0,0,0,0,0,0,0,1,0,0,0,0,0,0,0,0,0,0,0,0,0,0,0,0,1,0,0,0,0,0,0,0,0,1,0,0,0,0,0,0,0
28.0,2021-01-17,"['Сергей_Орлов', 'Кирилл_Селегей', 'Лиза_Аранова', 'Вася_Медведев', 'Эльдар_Гусейнов']",42169,928,1279917,46.0,648,4,1,0,0,0,0,0,0,0,0,0,0,0,0,0,0,0,0,0,0,0,0,0,0,0,0,0,0,0,0,0,0,0,0,0,0,0,0,0,0,0,0,0,1,0,0,0,0,0,0,0,0,0,0,0,0,0,1,0,0,0,0,0,0,0,0,0,0,0,0,0,1,0,0,0,0,0,0,0,0,0,0,0,0,0,0,0,0,0,0,0,0,0,0,0,0,0,0,0,1,0,0,0,1,0,0,0
29.0,2021-02-07,"['Владимир_Бухаров', 'Александр_Киселев', 'Гурам_Демидов', 'Миша_Кострецов', 'Сергей_Орлов']",35795,742,1060010,30.0,627,5,0,0,0,0,0,0,0,0,0,0,1,0,0,0,0,0,0,0,0,0,0,0,0,0,0,0,0,0,0,0,0,0,0,0,0,0,0,0,0,0,0,0,0,0,0,0,1,0,0,0,0,0,0,0,0,1,0,0,0,0,0,0,0,0,0,0,0,0,0,0,0,0,0,0,0,0,0,0,0,0,0,0,0,0,0,0,0,0,0,0,0,0,1,0,0,0,0,0,1,0,0,0,0,0,0,0
30.0,2021-02-15,"['Саша_Малой', 'Руслан_Халитов', 'Денис_Антипин', 'Николай_Андреев', 'Эльдар_Гусейнов']",33159,1059,1089190,41.0,619,5,0,0,0,0,0,0,0,0,0,0,0,0,0,0,0,0,0,0,0,0,0,0,0,0,0,0,0,0,0,0,0,0,0,0,0,0,1,0,0,0,0,0,0,0,0,0,0,0,0,0,0,0,1,0,1,0,1,0,0,0,0,0,0,0,0,0,0,0,0,0,0,0,0,0,0,0,0,0,0,0,0,1,0,0,0,0,0,0,0,0,0,0,0,0,0,0,0,0,0,0,0,0,0,0,0,0
31.0,2021-02-21,"['Вова_Бухаров', 'Гарик_Оганисян', 'Саша_Киселев', 'Илья_Овечкин', 'Давид_Квахаджелидзе']",40005,561,1155227,38.0,613,5,0,1,0,0,0,0,0,0,0,0,0,0,0,0,1,1,0,0,0,0,0,0,0,0,0,0,0,0,0,0,0,0,0,0,0,0,0,0,0,0,0,0,0,0,0,0,0,0,0,0,0,0,0,0,0,0,0,0,0,0,0,0,0,0,0,0,1,0,0,0,0,0,0,0,0,0,1,0,0,0,0,0,0,0,0,0,0,0,0,0,0,0,0,0,0,0,0,0,0,0,0,0,0,0,0,0
33.0,2021-03-07,"['Самвел_Гиновян', 'Николай_Андреев', 'Дима_Коваль', 'Вова_Бухаров', 'Сева_Ловкачев']",38411,443,768321,30.0,599,5,0,1,0,0,0,0,0,0,0,0,0,0,0,0,0,0,0,0,0,0,1,0,0,0,0,0,0,0,0,0,0,0,0,0,0,0,1,0,0,0,0,0,0,0,0,0,0,0,0,0,0,1,0,0,0,0,0,0,0,1,0,0,0,0,0,0,0,0,0,0,0,0,0,0,0,0,0,0,0,0,0,0,0,0,0,0,0,0,0,0,0,0,0,0,0,0,0,0,0,0,0,0,0,0,0,0
34.0,2021-03-15,"['Николай_Андреев', 'Дима_Колыбелкин', 'Алексей_Квашонкин', 'Эльдар_Гусейнов', 'Вадим_Постильный']",28191,384,567926,27.0,591,5,0,0,0,0,0,0,0,0,0,0,0,0,0,0,0,0,0,0,0,0,0,0,0,0,0,0,0,0,0,1,0,0,0,0,0,0,1,0,0,0,0,0,0,0,0,0,0,0,0,0,0,0,0,0,0,0,1,1,0,0,0,0,0,0,0,0,0,0,0,0,0,0,0,0,0,0,0,0,0,0,1,0,0,0,0,0,0,0,0,0,0,0,0,0,0,0,0,0,0,0,0,0,0,0,0,0
35.0,2021-03-29,"['Вова_Бухаров', 'Эльдар_Гусейнов', 'Саша_Киселев', 'Филипп_Воронин', 'Артем_Калантарян']",26585,596,757130,43.0,577,5,0,1,0,0,0,0,0,0,0,0,0,0,0,0,0,1,0,0,0,0,0,0,0,0,0,0,0,0,0,0,1,0,0,0,0,0,0,0,0,0,0,0,0,0,0,0,0,0,0,0,0,0,0,0,0,0,1,0,0,0,0,0,0,0,0,0,0,0,0,0,0,0,0,0,0,0,0,0,0,0,0,0,0,0,0,0,0,1,0,0,0,0,0,0,0,0,0,0,0,0,0,0,0,0,0,0
35.5,2021-04-05,"['Вова_Бухаров', 'Идрак_Мирзализаде', 'Саша_Малой', 'Эльдар_Гусейнов', 'Саша_Киселев']",29695,2095,1006580,53.0,570,5,0,1,0,0,0,0,0,0,0,0,0,0,0,0,0,1,0,0,0,0,0,0,0,0,0,0,0,0,0,0,0,0,0,0,0,0,0,0,0,0,0,0,0,0,0,0,0,0,0,0,0,0,0,0,0,0,1,0,0,0,0,0,0,0,0,0,0,0,0,0,0,0,0,0,0,0,0,0,0,0,0,1,0,0,0,0,0,0,0,0,1,0,0,0,0,0,0,0,0,0,0,0,0,0,0,0
36.0,2021-04-10,"['Сергей_Орлов', 'Павел_Сбродов', 'Гарик_Оганисян', 'Эльдар_Гусейнов', 'Богдан_Лисевский']",42428,611,1331085,46.5,565,5,0,0,0,0,0,0,0,0,0,0,0,0,0,0,0,0,0,0,0,0,0,0,0,0,0,0,0,0,0,0,0,0,0,0,0,0,0,0,0,0,0,0,0,0,0,0,0,0,0,0,0,0,0,0,0,0,1,0,0,0,0,0,0,0,0,0,0,0,1,0,0,0,0,0,1,0,1,0,0,0,0,0,0,0,0,0,0,0,0,0,0,0,0,0,0,0,0,0,1,0,0,0,0,0,0,0
37.0,2021-04-20,"['Дима_Гаврилов', 'Андрей_Цеховский', 'Эльдар_Гусейнов', 'Павел_Кривец', 'Кирилл_Селегей']",36830,828,1032417,48.0,555,5,0,0,0,0,0,1,0,0,0,1,0,0,0,0,0,0,0,0,0,0,0,0,0,0,0,0,0,0,0,0,0,0,0,0,0,0,0,0,0,0,0,0,0,0,0,0,0,0,0,0,0,0,0,0,0,0,1,0,0,0,0,0,0,0,0,0,0,0,0,0,0,0,0,0,0,0,0,0,0,0,0,0,0,0,0,0,0,0,0,0,0,0,0,1,0,0,0,0,0,0,0,0,1,0,0,0
38.0,2021-04-26,"['Артем_Калантарян', 'Марат_Секаев', 'Илья_Овечкин', 'Эльдар_Гусейнов', 'Денис_Антипин']",33143,816,1075890,42.0,549,5,0,0,0,0,0,0,0,0,0,0,0,0,0,0,0,0,0,0,0,0,0,0,0,0,0,0,0,0,0,0,1,0,0,0,0,0,0,0,0,0,0,0,0,0,1,0,0,0,0,0,0,0,1,0,0,0,1,0,0,0,0,0,0,0,0,0,1,0,0,0,0,0,0,0,0,0,0,0,0,0,0,0,0,0,0,0,0,0,0,0,0,0,0,0,0,0,0,0,0,0,0,0,0,0,0,0
39.0,2021-05-02,"['Ярослава_Тринадцатко', 'Николай_Андреев', 'Эльдар_Гусейнов', 'Саша_Киселев', 'Самвел_Гиновян']",33314,791,1012628,39.0,543,4,1,0,0,0,0,0,0,0,0,0,0,0,0,0,0,1,0,0,0,0,1,0,0,0,0,0,0,0,0,0,0,0,0,0,0,0,1,0,0,0,0,0,0,0,0,0,0,0,0,0,0,0,0,0,0,0,1,0,0,0,0,0,0,0,0,0,0,0,0,0,0,0,0,0,0,0,0,0,0,0,0,0,0,0,0,0,0,0,0,0,0,0,0,0,0,0,0,0,0,0,0,0,0,0,0,1
40.0,2021-05-10,"['Кирилл_Селегей', 'Гарик_Оганисян', 'Эльдар_Гусейнов', 'Идрак_Мирзализаде', 'Коля_Болт']",34532,968,1127802,54.0,535,5,0,0,0,0,0,0,0,0,0,0,0,0,0,0,0,0,0,0,0,0,0,0,0,0,0,0,0,0,0,0,0,0,0,0,0,0,0,0,0,0,0,0,0,0,0,0,0,0,0,0,1,0,0,0,0,0,1,0,0,0,0,0,0,0,0,0,0,0,0,0,0,0,0,0,0,0,1,0,0,0,0,0,0,0,0,0,0,0,0,0,1,0,0,0,0,0,0,0,0,0,0,0,1,0,0,0
41.0,2021-06-06,"['Александр_Киселев', 'Марат_Секаев', 'Эльдар_Гусейнов', 'Костя_Захарин', 'Сергей_Орлов']",35423,1060,1245489,44.0,508,5,0,0,0,0,0,0,0,0,0,0,0,0,0,0,0,0,0,0,0,0,0,0,0,0,0,0,0,0,0,0,0,0,0,0,0,0,0,0,0,0,0,0,0,0,1,0,1,0,0,0,0,0,0,0,0,0,1,0,0,0,0,0,0,0,0,0,0,0,0,0,0,0,0,0,0,0,0,0,0,0,0,0,0,0,0,0,0,0,0,0,0,0,0,0,0,0,0,0,1,0,0,0,0,0,1,0
42.0,2021-06-23,"['Дима_Коваль', 'Гарик_Оганисян', 'Давид_Квахаджелидзе', 'Денис_Антипин', 'Вова_Бухаров']",26857,833,1097718,36.0,491,5,0,1,0,0,0,0,0,0,0,0,0,0,0,0,1,0,0,0,0,0,0,0,0,0,0,0,0,0,0,0,0,0,0,0,0,0,0,0,0,0,0,0,0,0,0,0,0,0,0,0,0,0,1,0,0,0,0,0,0,1,0,0,0,0,0,0,0,0,0,0,0,0,0,0,0,0,1,0,0,0,0,0,0,0,0,0,0,0,0,0,0,0,0,0,0,0,0,0,0,0,0,0,0,0,0,0
43.0,2021-07-24,"['Артем_Калантарян', 'Дима_Гаврилов', 'Эдик_Чернышенко', 'Нидаль_Абу-Газале', 'Вова_Бухаров']",26022,1174,703881,34.0,460,5,0,1,0,0,0,0,1,0,0,1,0,0,0,0,0,0,0,0,0,0,0,0,0,0,0,0,0,0,0,0,1,0,0,0,0,0,0,1,0,0,0,0,0,0,0,0,0,0,0,0,0,0,0,0,0,0,0,0,0,0,0,0,0,0,0,0,0,0,0,0,0,0,0,0,0,0,0,0,0,0,0,0,0,0,0,0,0,0,0,0,0,0,0,0,0,0,0,0,0,0,0,0,0,0,0,0
44.0,2021-08-02,"['Даниил_Слободенюк', 'Саша_Ни', 'Артем_Калантарян', 'Руслан_Халитов', 'Женя_Сидоров']",24901,1245,596124,44.0,451,5,0,0,0,0,0,0,0,0,0,0,0,0,0,0,0,0,0,0,0,0,0,0,0,0,0,0,0,0,0,0,1,0,0,0,0,0,0,0,0,1,0,0,0,0,0,0,0,0,0,0,0,0,0,0,1,0,0,0,0,0,0,0,0,1,0,0,0,0,0,0,0,0,0,0,0,0,0,0,0,0,0,0,0,0,0,0,0,0,0,0,0,0,0,0,0,0,0,0,0,1,0,0,0,0,0,0
45.0,2021-08-07,"['Лев_Еременко', 'Илья_Овечкин', 'Костя_Пушкин', 'Ара_Акопян', 'Эльдар_Гусейнов']",40453,793,1002806,51.0,446,5,0,0,0,0,0,0,0,0,0,0,0,0,0,0,0,0,0,0,0,0,0,0,0,0,0,0,0,0,0,0,0,0,0,0,0,0,0,0,0,0,0,0,0,0,0,0,0,0,0,0,0,0,0,0,0,0,1,0,0,0,0,0,0,0,1,0,1,0,0,0,0,0,1,0,0,0,0,0,0,0,0,0,0,0,0,0,0,0,0,1,0,0,0,0,0,0,0,0,0,0,0,0,0,0,0,0
46.0,2021-08-12,"['Вова_Бухаров', 'Самвел_Гиновян', 'Ариана_Лолаева', 'Иван_Явиц', 'Чермен_Качмазов']",40483,1203,1044201,48.0,441,4,1,1,0,1,0,0,0,0,0,0,0,0,0,0,0,0,0,0,0,0,1,0,0,0,0,0,1,0,0,0,0,0,0,0,0,0,0,0,0,0,0,1,0,0,0,0,0,0,0,0,0,0,0,0,0,0,0,0,0,0,0,0,0,0,0,0,0,0,0,0,0,0,0,0,0,0,0,0,0,0,0,0,0,0,0,0,0,0,0,0,0,0,0,0,0,0,0,0,0,0,0,0,0,0,0,0
47.0,2021-08-21,"['Кирилл_Селегей', 'Эльдар_Гусейнов', 'Алексей_Квашонкин', 'Николай_Андреев', 'Никита_Дубровский']",35564,1105,896204,30.0,432,5,0,0,0,0,0,0,0,0,0,0,0,0,0,0,0,0,0,0,0,0,0,0,0,0,0,0,0,0,0,0,0,0,0,0,0,0,1,0,0,0,0,0,0,0,0,0,0,0,0,0,0,0,0,1,0,0,1,1,0,0,0,0,0,0,0,0,0,0,0,0,0,0,0,0,0,0,0,0,0,0,0,0,0,0,0,0,0,0,0,0,0,0,0,0,0,0,0,0,0,0,0,0,1,0,0,0
48.0,2021-08-28,"['Александр_Киселев', 'Гурам_Демидов', 'Дима_Коваль', 'Артем_Емельянов', 'Илья_Овечкин']",29309,1633,844677,30.0,425,5,0,0,0,0,0,0,0,0,0,0,1,0,0,0,0,0,0,0,0,0,0,0,0,0,0,0,0,0,0,0,0,0,0,0,0,0,0,0,0,0,0,0,0,0,0,1,1,0,0,0,0,0,0,0,0,0,0,0,0,1,0,0,0,0,0,0,1,0,0,0,0,0,0,0,0,0,0,0,0,0,0,0,0,0,0,0,0,0,0,0,0,0,0,0,0,0,0,0,0,0,0,0,0,0,0,0
49.0,2021-09-06,"['Вера_Котельникова', 'Лев_Марсел', 'Миша_Кострецов', 'Женя_Сидоров', 'Фил_Воронин']",28304,1366,676750,30.5,416,4,1,0,0,0,0,0,0,0,0,0,0,1,0,0,0,0,0,0,0,0,0,0,0,0,0,0,0,0,0,0,0,0,0,0,0,0,0,0,0,0,0,0,0,0,0,0,0,0,0,0,0,0,0,0,0,1,0,0,0,0,0,0,0,0,0,0,0,0,0,0,0,0,0,0,0,0,0,0,0,0,0,0,0,0,0,0,0,0,0,0,0,0,0,0,0,0,0,1,0,1,0,0,0,1,0,0
50.0,2021-09-13,"['Саша_Малой', 'Артем_Калантарян', 'Вася_Медведев', 'Марат_Секаев', 'Гоша_Сморгуленко']",25308,673,613102,32.5,409,5,0,0,0,0,0,0,0,0,0,0,0,0,0,0,0,0,0,0,0,0,0,0,0,0,0,0,0,0,0,0,1,0,0,0,0,0,0,0,0,0,0,0,1,0,1,0,0,0,0,0,0,0,0,0,0,0,0,0,0,0,0,0,0,0,0,0,0,0,0,0,0,0,0,0,0,0,0,0,0,0,0,1,0,0,0,0,0,0,0,0,0,1,0,0,0,0,0,0,0,0,0,0,0,0,0,0
51.0,2021-09-22,"['Кирилл_Селегей', 'Ника_Тарасевич', 'Никита_Дубровский', 'Самвел_Гиновян', 'Аля_Кокушкина']",27585,1479,681395,36.5,400,3,2,0,0,0,0,0,0,0,0,0,0,0,0,0,0,0,0,0,0,0,1,0,0,0,0,0,0,0,0,0,0,0,0,0,0,0,0,0,0,0,0,0,0,0,0,0,0,0,0,0,0,0,0,1,0,0,0,0,0,0,0,0,0,0,0,0,0,0,0,0,0,0,0,0,0,0,0,0,1,0,0,0,0,0,1,0,0,0,0,0,0,0,0,0,0,0,0,0,0,0,0,0,1,0,0,0
52.0,2021-10-02,"['Чермен_Качмазов', 'Эдуард_Чернышенко', 'Алексей_Соловьев', 'Сева_Ловкачев', 'Руслан_Халитов']",39166,900,864072,48.0,390,5,0,0,0,0,0,0,0,0,0,0,0,0,0,0,0,0,0,0,0,0,0,0,0,0,0,1,0,0,0,0,0,0,1,0,0,0,0,0,0,0,0,1,0,0,0,0,0,0,0,0,0,1,0,0,1,0,0,0,0,0,0,0,0,0,0,0,0,0,0,0,0,0,0,0,0,0,0,0,0,0,0,0,0,0,0,0,0,0,0,0,0,0,0,0,0,0,0,0,0,0,0,0,0,0,0,0
53.0,2021-10-09,"['Данила_Поперечный', 'Сергей_Орлов', 'Гарик_Оганисян', 'Денис_Смирнов', 'Богдан_Лисевский']",70876,1609,1413410,46.5,383,5,0,0,0,0,0,0,0,0,0,0,0,0,0,0,0,0,0,0,0,0,0,0,0,0,0,0,0,0,0,0,0,0,0,0,0,0,0,0,0,0,0,0,0,1,0,0,0,0,0,0,0,0,0,0,0,0,0,0,0,0,0,0,0,0,0,0,0,0,1,0,0,0,0,0,0,0,1,0,0,0,0,0,0,0,0,0,0,0,0,0,0,0,0,0,0,1,0,0,1,0,0,0,0,0,0,0
54.0,2021-10-16,"['Дима_Гаврилов', 'Эльдар_Гусейнов', 'Сержан_Аманов', 'Женя_Сидоров', 'Юля_Жеребцова']",32037,1603,938417,45.5,376,4,1,0,0,0,1,0,0,0,0,1,0,0,0,0,0,0,0,0,0,0,0,0,0,1,0,0,0,0,0,0,0,0,0,0,0,0,0,0,0,0,0,0,0,0,0,0,0,0,0,0,0,0,0,0,0,0,1,0,0,0,0,0,0,0,0,0,0,0,0,0,0,0,0,0,0,0,0,0,0,0,0,0,0,0,0,0,0,0,0,0,0,0,0,0,0,0,0,0,0,1,0,0,0,0,0,0
55.0,2021-10-23,"['Вера_Котельникова', 'Наташа_Судьина', 'Лиза_Аранова', 'Ирина_Приходько', 'Ярослава_Тринадцатко']",39158,2642,720539,29.7,369,0,5,0,0,0,0,0,0,0,0,0,0,0,0,0,0,0,0,0,0,0,0,0,0,0,0,0,0,0,0,0,0,1,0,0,0,0,0,0,0,0,0,0,0,0,0,0,0,0,0,0,0,0,0,0,0,0,0,0,0,0,0,0,0,0,0,1,0,0,0,0,1,0,0,0,0,0,0,0,0,0,0,0,0,0,0,0,0,0,0,0,0,0,0,0,0,0,0,1,0,0,0,0,0,0,0,1
56.0,2021-10-30,"['Давид_Квахаджелидзе', 'Илья_Овечкин', 'Эльдар_Гусейнов', 'Николай_Андреев', 'Егор_Александров']",28072,769,659630,41.5,362,5,0,0,0,0,0,0,0,0,0,0,0,0,0,0,1,0,1,0,0,0,0,0,0,0,0,0,0,0,0,0,0,0,0,0,0,0,1,0,0,0,0,0,0,0,0,0,0,0,0,0,0,0,0,0,0,0,1,0,0,0,0,0,0,0,0,0,1,0,0,0,0,0,0,0,0,0,0,0,0,0,0,0,0,0,0,0,0,0,0,0,0,0,0,0,0,0,0,0,0,0,0,0,0,0,0,0
57.0,2021-11-13,"['Артем_Калантарян', 'Илья_Овечкин', 'Дмитрий_Колыбелкин', 'Егор_Свирский', 'Михаил_Босов']",24295,722,568080,26.5,348,5,0,0,0,0,0,0,0,0,0,0,0,0,0,0,0,0,0,0,0,0,0,0,0,0,0,0,0,1,0,0,1,0,0,0,0,0,0,0,0,0,0,0,0,0,0,0,0,0,0,0,0,0,0,0,0,0,0,0,0,0,0,0,0,0,0,0,1,0,0,0,0,0,0,0,0,0,0,0,0,0,0,0,0,0,0,0,0,0,1,0,0,0,0,0,0,0,0,0,0,0,0,1,0,0,0,0
58.0,2021-11-20,"['Идрак_Мирзализаде', 'Алексей_Шамутило', 'Артем_Калантарян', 'Лев_Еременко', 'Вадим_Постильный']",31819,971,676205,34.0,341,5,0,0,0,0,0,0,0,0,0,0,0,0,0,0,0,0,0,0,0,0,0,0,0,0,0,0,0,0,0,1,1,0,0,0,0,0,0,0,0,0,0,0,0,0,0,0,0,0,0,0,0,0,0,0,0,0,0,0,0,0,0,1,0,0,0,0,0,0,0,0,0,0,0,0,0,0,0,0,0,0,0,0,0,0,0,0,0,0,0,1,1,0,0,0,0,0,0,0,0,0,0,0,0,0,0,0
59.0,2021-11-27,"['Марк_Сергиенко', 'Сергей_Зорик', 'Тимур_Хамадуллин', 'Саша_Киселев', 'Руслан_Халитов']",19984,897,539786,35.0,334,5,0,0,0,0,0,0,0,0,0,0,0,0,0,0,0,1,0,0,0,0,0,0,0,0,1,0,0,0,0,0,0,0,0,0,0,0,0,0,0,0,0,0,0,0,0,0,0,0,0,0,0,0,0,0,1,0,0,0,0,0,0,0,0,0,0,0,0,0,0,0,0,0,0,0,0,0,0,0,0,0,0,0,0,0,0,0,0,0,0,0,0,0,0,0,0,0,1,0,0,0,1,0,0,0,0,0
60.0,2021-12-04,"['Кирилл_Селегей', 'Никита_Дубровский', 'Гарик_Оганисян', 'Соня_Медовщикова', 'Леша_Шамутило']",33200,1353,586673,32.5,327,4,1,0,0,0,0,0,0,0,0,0,0,0,0,0,0,0,0,0,0,0,0,0,0,0,0,0,0,0,0,0,0,0,0,0,0,0,0,0,0,0,0,0,0,0,0,0,0,0,0,0,0,0,0,1,0,0,0,0,0,0,1,0,0,0,0,0,0,0,0,0,0,0,0,0,0,0,1,1,0,0,0,0,0,0,0,0,0,0,0,0,0,0,0,0,0,0,0,0,0,0,0,0,1,0,0,0
61.0,2021-12-11,"['Денис_Чужой', 'Дмитрий_Колыбелкин', 'Салават_Дюсенгалиев', 'Толя_Бороздин', 'Илья_Овечкин']",31213,686,799265,46.8,320,5,0,0,0,0,0,0,0,0,0,0,0,0,0,1,0,0,0,0,0,0,0,0,0,0,0,0,0,0,0,0,0,0,0,0,0,0,0,0,0,0,1,0,0,0,0,0,0,0,0,0,0,0,0,0,0,0,0,0,1,0,0,0,0,0,0,0,1,0,0,0,0,0,0,0,0,0,0,0,0,0,0,0,0,0,0,0,0,0,0,0,0,0,0,0,0,0,0,0,0,0,0,1,0,0,0,0
62.0,2021-12-18,"['Александр_Киселев', 'Ара_Акопян', 'Артем_Калантарян', 'Сержан_Аманов', 'Кирилл_Селегей']",21082,883,514081,30.5,313,5,0,0,0,0,0,0,0,0,0,0,0,0,0,0,0,0,0,0,0,0,0,0,0,1,0,0,0,0,0,0,1,0,0,0,0,0,0,0,0,0,0,0,0,0,0,0,1,0,0,0,0,0,0,0,0,0,0,0,0,0,0,0,0,0,1,0,0,0,0,0,0,0,0,0,0,0,0,0,0,0,0,0,0,0,0,0,0,0,0,0,0,0,0,0,0,0,0,0,0,0,0,0,1,0,0,0
63.0,2021-12-25,"['Ярослава_Тринадцатко', 'Женя_Сидоров', 'Илья_Овечкин', 'Алексей_Квашонкин', 'Василий_Медведев']",37879,848,926484,44.0,306,4,1,0,0,0,0,0,0,0,0,0,0,0,0,0,0,0,0,0,0,0,0,0,0,0,0,0,0,0,0,0,0,0,0,0,0,0,0,0,0,0,0,0,0,0,0,0,0,0,0,0,0,0,0,0,0,0,0,1,0,0,0,0,0,0,0,0,1,0,0,0,0,0,0,0,0,0,0,0,0,0,0,0,0,1,0,0,0,0,0,0,0,0,0,0,0,0,0,0,0,1,0,0,0,0,0,1
64.0,2022-01-08,"['Кирилл_Селегей', 'Костя_Захарин', 'Расул_Чабдаров', 'Сержан_Аманов', 'Давид_Квахаджелидзе']",34372,1121,786727,26.5,292,5,0,0,0,0,0,0,0,0,0,0,0,0,0,0,1,0,0,0,0,0,0,0,1,1,0,0,0,0,0,0,0,0,0,0,0,0,0,0,0,0,0,0,0,0,0,0,0,0,0,0,0,0,0,0,0,0,0,0,0,0,0,0,0,0,0,0,0,0,0,0,0,0,0,0,0,0,0,0,0,0,0,0,0,0,0,0,0,0,0,0,0,0,0,0,0,0,0,0,0,0,0,0,1,0,1,0
65.0,2022-01-16,"['Вова_Бухаров', 'Эльдар_Гусейнов', 'Денис_Антипин', 'Ньургун_Атаков', 'Семен_Деяк']",26188,1513,684112,38.5,284,5,0,1,0,0,0,0,0,0,1,0,0,0,0,0,0,0,0,0,0,0,0,0,0,0,0,0,0,0,0,0,0,0,0,0,0,1,0,0,0,0,0,0,0,0,0,0,0,0,0,0,0,0,1,0,0,0,1,0,0,0,0,0,0,0,0,0,0,0,0,0,0,0,0,0,0,0,0,0,0,0,0,0,0,0,0,0,0,0,0,0,0,0,0,0,0,0,0,0,0,0,0,0,0,0,0,0
66.0,2022-01-22,"['Эд_Овсепян', 'Никита_Дубровский', 'Артем_Калантарян', 'Кирилл_Ферапонтов', 'Игорь_Тарлецкий']",17726,948,463103,27.5,278,5,0,0,0,0,0,0,0,0,0,0,0,0,0,0,0,0,0,1,0,1,0,0,0,0,0,0,0,0,1,0,1,0,0,0,0,0,0,0,0,0,0,0,0,0,0,0,0,0,0,0,0,0,0,1,0,0,0,0,0,0,0,0,0,0,0,0,0,0,0,0,0,0,0,0,0,0,0,0,0,0,0,0,0,0,0,0,0,0,0,0,0,0,0,0,0,0,0,0,0,0,0,0,0,0,0,0
67.0,2022-01-29,"['Эльдар_Гусейнов', 'Кирилл_Селегей', 'Иван_Явиц', 'Лука_Хиникадзе', 'Владимир_Бухаров']",35735,589,886416,43.0,271,5,0,0,0,1,0,0,0,0,0,0,0,0,0,0,0,0,0,0,0,0,0,0,0,0,0,0,0,0,0,0,0,0,0,0,0,0,0,0,0,0,0,0,0,0,0,0,0,0,0,0,0,0,0,0,0,0,1,0,0,0,0,0,0,0,0,0,0,0,0,0,0,0,0,0,0,0,0,0,0,0,0,0,0,0,0,0,1,0,0,0,0,0,1,0,0,0,0,0,0,0,0,0,1,0,0,0
68.0,2022-02-05,"['Костя_Пушкин', 'Дима_Коваль', 'Илья_Овечкин', 'Марат_Секаев', 'Вова_Бухаров']",79328,655,1152779,46.5,264,5,0,1,0,0,0,0,0,0,0,0,0,0,0,0,0,0,0,0,0,0,0,0,0,0,0,0,0,0,0,0,0,0,0,0,0,0,0,0,0,0,0,0,0,0,1,0,0,0,0,0,0,0,0,0,0,0,0,0,0,1,0,0,0,0,0,0,1,0,0,0,0,0,1,0,0,0,0,0,0,0,0,0,0,0,0,0,0,0,0,0,0,0,0,0,0,0,0,0,0,0,0,0,0,0,0,0
69.0,2022-02-13,"['Артем_Емельянов', 'Алексей_Квашонкин', 'Самвел_Гиновян', 'Николай_Андреев', 'Саша_Малой']",37414,628,745378,42.0,256,5,0,0,0,0,0,0,0,0,0,0,0,0,0,0,0,0,0,0,0,0,1,0,0,0,0,0,0,0,0,0,0,0,0,0,0,0,1,0,0,0,0,0,0,0,0,1,0,0,0,0,0,0,0,0,0,0,0,1,0,0,0,0,0,0,0,0,0,0,0,0,0,0,0,0,0,0,0,0,0,0,0,1,0,0,0,0,0,0,0,0,0,0,0,0,0,0,0,0,0,0,0,0,0,0,0,0
70.0,2022-02-09,"['Дима_Гаврилов', 'Андрей_Айрапетов', 'Дима_Колыбелкин', 'Денис_Чужой', 'Руслан_Халитов']",36978,864,920715,51.0,260,5,0,0,0,0,0,0,0,0,0,1,0,0,0,0,0,0,0,0,0,0,0,0,0,0,0,0,0,0,0,0,0,0,0,0,0,0,0,0,0,0,0,0,0,0,0,0,0,0,0,0,0,0,0,0,1,0,0,0,1,0,0,0,0,0,0,0,0,0,0,0,0,1,0,0,0,0,0,0,0,0,1,0,0,0,0,0,0,0,0,0,0,0,0,0,0,0,0,0,0,0,0,0,0,0,0,0
71.0,2022-03-12,"['Артем_Емельянов', 'Маргарита_Якобсон', 'Баграт_Казарян', 'Хетаг_Хугаев', 'Илья_Овечкин']",29129,2161,780618,49.3,229,4,1,0,0,0,0,0,0,0,0,0,0,0,0,0,0,0,0,0,0,0,0,1,0,0,0,0,0,0,0,0,0,0,0,0,0,0,0,0,0,0,0,0,0,0,0,1,0,0,0,0,0,0,0,0,0,0,0,0,0,0,0,0,0,0,0,0,1,0,0,0,0,0,0,0,0,1,0,0,0,0,0,0,0,0,0,0,0,0,0,0,0,0,0,0,1,0,0,0,0,0,0,0,0,0,0,0
72.0,2022-03-26,"['Костя_Широков', 'Самвел_Гиновян', 'Олег_Боярский', 'Руслан_Халитов', 'Артем_Емельянов']",26742,1662,754312,47.0,215,5,0,0,0,0,0,0,0,1,0,0,0,0,0,0,0,0,0,0,0,0,1,0,0,0,0,0,0,0,0,0,0,0,0,0,0,0,0,0,1,0,0,0,0,0,0,1,0,0,0,0,0,0,0,0,1,0,0,0,0,0,0,0,0,0,0,0,0,0,0,0,0,0,0,0,0,0,0,0,0,0,0,0,0,0,0,0,0,0,0,0,0,0,0,0,0,0,0,0,0,0,0,0,0,0,0,0
73.0,2022-04-25,"['Саша_Ни', 'Сева_Ловкачев', 'Ярослава_Тринадцатко', 'Костя_Захарин', 'Эльдар_Гусейнов']",24336,1368,665009,33.0,185,4,1,0,0,0,0,0,0,0,0,0,0,0,0,0,0,0,0,0,0,0,0,0,0,0,0,0,0,0,0,0,0,0,0,0,0,0,0,0,0,1,0,0,0,0,0,0,0,0,0,0,0,1,0,0,0,0,1,0,0,0,0,0,0,0,0,0,0,0,0,0,0,0,0,0,0,0,0,0,0,0,0,0,0,0,0,0,0,0,0,0,0,0,0,0,0,0,0,0,0,0,0,0,0,0,1,1
74.0,2022-04-30,"['Сева_Ловкачев', 'Дима_Коваль', 'Вера_Котельникова', 'Николай_Андреев', 'Денис_Антипин']",56010,905,1115920,41.0,180,4,1,0,0,0,0,0,0,0,0,0,0,0,0,0,0,0,0,0,0,0,0,0,0,0,0,0,0,0,0,0,0,0,0,0,0,0,1,0,0,0,0,0,0,0,0,0,0,0,0,0,0,1,1,0,0,0,0,0,0,1,0,0,0,0,0,0,0,0,0,0,0,0,0,0,0,0,0,0,0,0,0,0,0,0,0,0,0,0,0,0,0,0,0,0,0,0,0,1,0,0,0,0,0,0,0,0
75.0,2022-05-16,"['Дима_Коваль', 'Илья_Бурков', 'Ньургун_Атаков', 'Ариана_Лолаева', 'Денис_Антипин']",32634,900,661460,30.5,164,4,1,0,0,0,0,0,0,0,1,0,0,0,0,0,0,0,0,0,0,0,0,0,0,0,0,0,1,0,0,0,0,0,0,0,0,0,0,0,0,0,0,0,0,0,0,0,0,0,0,0,0,0,1,0,0,0,0,0,0,1,0,0,0,0,0,0,0,0,0,1,0,0,0,0,0,0,0,0,0,0,0,0,0,0,0,0,0,0,0,0,0,0,0,0,0,0,0,0,0,0,0,0,0,0,0,0
76.0,2022-05-21,"['Марат_Секаев', 'Самвел_Гиновян', 'Лука_Хиникадзе', 'Сергей_Зорик', 'Саша_Киселев']",25565,741,654233,43.5,159,5,0,0,0,0,0,0,0,0,0,0,0,0,0,0,0,1,0,0,0,0,1,0,0,0,0,0,0,0,0,0,0,0,0,0,0,0,0,0,0,0,0,0,0,0,1,0,0,0,0,0,0,0,0,0,0,0,0,0,0,0,0,0,0,0,0,0,0,0,0,0,0,0,0,0,0,0,0,0,0,0,0,0,0,0,0,0,1,0,0,0,0,0,0,0,0,0,0,0,0,0,1,0,0,0,0,0
77.0,2022-06-09,"['Эльдар_Гусейнов', 'Алексей_Квашонкин', 'Яся_Тринадцатко', 'Николай_Андреев', 'Костя_Пушкин']",50668,955,817630,52.0,140,4,1,0,0,0,0,0,0,0,0,0,0,0,0,0,0,0,0,0,0,0,0,0,0,0,0,0,0,0,0,0,0,0,0,0,0,0,1,0,0,0,0,0,0,0,0,0,0,0,0,0,0,0,0,0,0,0,1,1,0,0,0,0,0,0,0,0,0,1,0,0,0,0,1,0,0,0,0,0,0,0,0,0,0,0,0,0,0,0,0,0,0,0,0,0,0,0,0,0,0,0,0,0,0,0,0,0
78.0,2022-06-11,"['Кирилл_Селегей', 'Дима_Колыбелкин', 'Саша_Малой', 'Дима_Гаврилов', 'Артем_Емельянов']",34200,1362,894819,43.5,138,5,0,0,0,0,0,0,0,0,0,1,0,0,0,0,0,0,0,0,0,0,0,0,0,0,0,0,0,0,0,0,0,0,0,0,0,0,0,0,0,0,0,0,0,0,0,1,0,0,0,0,0,0,0,0,0,0,0,0,0,0,0,0,0,0,0,0,0,0,0,0,0,0,0,0,0,0,0,0,0,0,1,1,0,0,0,0,0,0,0,0,0,0,0,0,0,0,0,0,0,0,0,0,1,0,0,0
79.0,2022-06-08,"['Лиза_Аранова', 'Вера_Котельникова', 'Ариана_Лолаева', 'Ирина_Приходько', 'Яся_Тринадцатко']",41082,2959,737994,34.0,141,0,5,0,0,0,0,0,0,0,0,0,0,0,0,0,0,0,0,0,0,0,0,0,0,0,0,0,1,0,0,0,0,1,0,0,0,0,0,0,0,0,0,0,0,0,0,0,0,0,0,0,0,0,0,0,0,0,0,0,0,0,0,0,0,0,0,0,0,1,0,0,1,0,0,0,0,0,0,0,0,0,0,0,0,0,0,0,0,0,0,0,0,0,0,0,0,0,0,1,0,0,0,0,0,0,0,0
80.0,2022-06-25,"['Ваня_Ильин', 'Дима_Коваль', 'Алексей_Шамутило', 'Николай_Андреев', 'Филипп_Воронин']",65750,858,1091602,30.0,124,5,0,0,0,0,0,0,0,0,0,0,0,0,0,0,0,0,0,0,0,0,0,0,0,0,0,0,0,0,0,0,0,0,0,0,0,0,1,0,0,0,0,0,0,0,0,0,0,0,0,0,0,0,0,0,0,0,0,0,0,1,0,1,0,0,0,0,0,0,0,0,0,0,0,0,0,0,0,0,0,1,0,0,0,0,0,0,0,1,0,0,0,0,0,0,0,0,0,0,0,0,0,0,0,0,0,0
81.0,2022-07-09,"['Лиза_Аранова', 'Ольга_Малащенко', 'Ярослава_Тринадцатко', 'Туяна_Хоровиц', 'Вера_Котельникова']",32964,2959,648153,35.0,110,0,5,0,0,0,0,0,0,0,0,0,0,0,0,0,0,0,0,0,1,0,0,0,0,0,0,0,0,0,0,0,0,0,0,0,0,0,0,0,0,0,0,0,0,0,0,0,0,0,0,0,0,0,0,0,0,0,0,0,0,0,0,0,0,0,0,0,0,0,0,0,1,0,0,1,0,0,0,0,0,0,0,0,0,0,0,0,0,0,0,0,0,0,0,0,0,0,0,1,0,0,0,0,0,0,0,1
82.0,2022-07-24,"['Сева_Ловкачев', 'Женя_Сидоров', 'Алексей_Квашонкин', 'Эльдар_Гусейнов', 'Вова_Бухаров']",41162,1459,992018,55.0,95,5,0,1,0,0,0,0,0,0,0,0,0,0,0,0,0,0,0,0,0,0,0,0,0,0,0,0,0,0,0,0,0,0,0,0,0,0,0,0,0,0,0,0,0,0,0,0,0,0,0,0,0,1,0,0,0,0,1,1,0,0,0,0,0,0,0,0,0,0,0,0,0,0,0,0,0,0,0,0,0,0,0,0,0,0,0,0,0,0,0,0,0,0,0,0,0,0,0,0,0,1,0,0,0,0,0,0
83.0,2022-08-06,"['Андрей_Айрапетов', 'Артем_Емельянов', 'Миша_Кострецов', 'Соня_Медовщикова', 'Семен_Деяк']",23089,2635,559345,30.6,82,4,1,0,0,0,0,0,0,0,0,0,0,0,0,0,0,0,0,0,0,0,0,0,0,0,0,0,0,0,0,0,0,0,0,0,0,1,0,0,0,0,0,0,0,0,0,1,0,0,0,0,0,0,0,0,0,1,0,0,0,0,0,0,0,0,0,0,0,0,0,0,0,1,0,0,0,0,0,1,0,0,0,0,0,0,0,0,0,0,0,0,0,0,0,0,0,0,0,0,0,0,0,0,0,0,0,0
84.0,2022-08-20,"['Костя_Пушкин', 'Давид_Квахаджелидзе', 'Лев_Еременко', 'Денис_Антипин', 'Саша_Киселев']",28611,1242,810138,49.0,68,5,0,0,0,0,0,0,0,0,0,0,0,0,0,0,1,1,0,0,0,0,0,0,0,0,0,0,0,0,0,0,0,0,0,0,0,0,0,0,0,0,0,0,0,0,0,0,0,0,0,0,0,0,1,0,0,0,0,0,0,0,0,0,0,0,0,0,0,0,0,0,0,0,1,0,0,0,0,0,0,0,0,0,0,0,0,0,0,0,0,1,0,0,0,0,0,0,0,0,0,0,0,0,0,0,0,0
85.0,2022-09-10,"['Лев_Еременко', 'Дима_Гаврилов', 'Эдик_Чернышенко', 'Чермен_Качмазов', 'Тимур_Джанкезов']",29243,917,624249,49.5,47,5,0,0,1,0,0,0,0,0,0,1,0,0,0,0,0,0,0,0,0,0,0,0,0,0,0,0,0,0,0,0,0,0,0,0,0,0,0,1,0,0,0,1,0,0,0,0,0,0,0,0,0,0,0,0,0,0,0,0,0,0,0,0,0,0,0,0,0,0,0,0,0,0,0,0,0,0,0,0,0,0,0,0,0,0,0,0,0,0,0,1,0,0,0,0,0,0,0,0,0,0,0,0,0,0,0,0
86.0,2022-09-24,"['Лиза_Аранова', 'Дима_Коваль', 'Никита_Дубровский', 'Дима_Колыбелкин', 'Ярослава_Тринадцатко']",35580,801,732190,44.0,33,3,2,0,0,0,0,0,0,0,0,0,0,0,0,0,0,0,0,0,0,0,0,0,0,0,0,0,0,0,0,0,0,0,0,0,0,0,0,0,0,0,0,0,0,0,0,0,0,0,0,0,0,0,0,1,0,0,0,0,0,1,0,0,0,0,0,0,0,0,0,0,1,0,0,0,0,0,0,0,0,0,1,0,0,0,0,0,0,0,0,0,0,0,0,0,0,0,0,0,0,0,0,0,0,0,0,1
87.0,2022-10-08,"['Лев_Еременко', 'Денис_Антипин', 'Дима_Колыбелкин', 'Наташа_Судьина', 'Лиза_Аранова']",27032,1017,590184,50.0,19,3,2,0,0,0,0,0,0,0,0,0,0,0,0,0,0,0,0,0,0,0,0,0,0,0,0,0,0,0,0,0,0,0,0,0,0,0,0,0,0,0,0,0,0,0,0,0,0,0,0,0,0,0,1,0,0,0,0,0,0,0,0,0,0,0,0,1,0,0,0,0,1,0,0,0,0,0,0,0,0,0,1,0,0,0,0,0,0,0,0,1,0,0,0,0,0,0,0,0,0,0,0,0,0,0,0,0
88.0,2022-10-23,"['Дима_Коваль', 'Семен_Деяк', 'Вова_Бухаров', 'Николай_Андреев', 'Чермен_Качмазов']",37169,809,590555,56.0,4,5,0,1,0,0,0,0,0,0,0,0,0,0,0,0,0,0,0,0,0,0,0,0,0,0,0,0,0,0,0,0,0,0,0,0,0,1,1,0,0,0,0,1,0,0,0,0,0,0,0,0,0,0,0,0,0,0,0,0,0,1,0,0,0,0,0,0,0,0,0,0,0,0,0,0,0,0,0,0,0,0,0,0,0,0,0,0,0,0,0,0,0,0,0,0,0,0,0,0,0,0,0,0,0,0,0,0
